{
    "com.backdrops.wallpapers.apk": "4.52",
    "org.citra.citra_emu.apk": "bed6a4f12",
    "com.myprog.hexedit.apk": "2.8.5",
    "ginlemon.iconpackstudio.apk": "2.1.build.028",
    "com.instagram.android.apk": "17.2",
    "com.teslacoilsw.launcher.apk": "7.0.57",
    "com.awedea.nyx.apk": "2.2.5",
    "com.reddit.frontpage.apk": "2023.24.0",
    "com.spotify.music.apk": "8.8.0.347",
    "com.ticktick.task.apk": "6.4.4.1",
    "com.zhiliaoapp.musically.apk": "30.1.2",
    "tv.twitch.android.app.apk": "15.4.1",
    "com.twitter.android.apk": "9.71.0-release.0",
    "com.google.android.youtube.apk": "18.23.35",
    "com.google.android.apps.youtube.music.apk": "6.07.50"
}
